,oa_status,title,jif_rank,in_text_jif_rank,rank_difference,corr
0,green,2697,15535.0,8624.0,6911.0,0.7572231387105531
1,hybrid,1940,18395.0,17829.0,566.0,0.709892709819379
2,bronze,2962,19086.0,19000.5,85.5,0.7349702111112493
3,closed,12773,25295.0,21101.0,4194.0,0.6722855544775466
4,gold,17552,19599.5,21560.5,-1961.0,0.7506563756530041
